{"cameraMode":{"drawMode":0,"name":"Shaded","section":"Shading Mode"},"sceneLighting":false,"audioPlay":false,"sceneViewState":{"showFog":true,"showMaterialUpdate":false,"showSkybox":false,"showFlares":true,"showImageEffects":true,"showParticleSystems":true},"in2DMode":false,"pivot":{"x":1.0500001907348633,"y":0.0,"z":1.1920928955078126e-7},"rotation":{"x":-0.18520157039165498,"y":0.018274420872330667,"z":-0.0034444238990545274,"w":-0.9825246334075928},"size":3.0862016677856447,"orthographic":false}