{"cameraMode":{"drawMode":0,"name":"Shaded","section":"Shading Mode"},"sceneLighting":true,"audioPlay":false,"sceneViewState":{"showFog":true,"showMaterialUpdate":false,"showSkybox":true,"showFlares":true,"showImageEffects":true,"showParticleSystems":true},"in2DMode":false,"pivot":{"x":0.3979377746582031,"y":4.858326435089111,"z":-1.3880535364151},"rotation":{"x":0.04001655429601669,"y":0.7068170309066773,"z":0.04011305049061775,"w":-0.7051236629486084},"size":52.405269622802737,"orthographic":false}